{
  "perplexity": [
    27.116640090942383,
    21.832616806030273,
    364.0227355957031,
    18.102558135986328,
    5.830036640167236
  ],
  "speed": {
    "inference_times": [
      10.614619970321655,
      10.859625180562338,
      10.728651523590088,
      10.438830693562826,
      10.040083249409994
    ],
    "avg_inference_time": 10.536362123489381,
    "std_inference_time": 0.284043520866465
  },
  "memory": {
    "model_size_mb": 2988.6905670166016,
    "model_size_gb": 2.91864313185215
  },
  "retrieval": {
    "avg_retrieval_time": 0.008069705963134766,
    "std_retrieval_time": 0.000529452384688576
  },
  "perplexity_avg": 87.38091745376587,
  "perplexity_std": 138.49844448222737
}