{
  "perplexity": [
    27.116891860961914,
    21.83282470703125,
    364.0242919921875,
    18.102670669555664,
    5.830077648162842
  ],
  "speed": {
    "inference_times": [
      11.201059897740683,
      11.274962902069092,
      11.515907526016235,
      10.930631319681803,
      10.416765451431274
    ],
    "avg_inference_time": 11.067865419387818,
    "std_inference_time": 0.3752695650072825
  },
  "memory": {
    "model_size_mb": 2988.6905670166016,
    "model_size_gb": 2.91864313185215
  },
  "retrieval": {
    "avg_retrieval_time": 0.009799957275390625,
    "std_retrieval_time": 0.004117418812087992
  },
  "perplexity_avg": 87.38135137557984,
  "perplexity_std": 138.49900856608448
}